"Message",Low,"Compilação iniciada."
"Message",Low,"Projecto ""Unnamed_1"" (destinos predefinidos):"
"Message",Low,"A criar com a versão das ferramentas ""4.0""."
"Message",Low,"Destino ""PrintILCStartMessage"" no ficheiro ""C:\Program Files (x86)\MSBuild\Microsoft\.NetNative\x86\ilc\IlcInternals.targets"" do projecto ""C:\Users\jrnf0\documents\visual studio 2015\Projects\CMOVStockApp\CMOVStockApp\Unnamed_1"" (o destino ""Build"" depende dele):"
"Message",Low,"A utilizar a tarefa ""IlcMessageTask"" da assemblagem ""C:\Program Files (x86)\MSBuild\Microsoft\.NetNative\x86\ilc\ilc.exe""."
"Message",Low,"Tarefa ""IlcMessageTask"""
"Message",High,"Starting .NET Native compilation"
"Message",Low,"Conclusão de execução da tarefa ""IlcMessageTask""."
"Message",Low,"Conclusão da criação do destino ""PrintILCStartMessage"" no projecto ""Unnamed_1""."
"Message",Low,"Destino ""LogAppContextSwitches"" no ficheiro ""C:\Program Files (x86)\MSBuild\Microsoft\.NetNative\x86\ilc\IlcInternals.targets"" do projecto ""C:\Users\jrnf0\documents\visual studio 2015\Projects\CMOVStockApp\CMOVStockApp\Unnamed_1"" (o destino ""SetMainTargetPaths"" depende dele):"
"Message",Low,"A utilizar a tarefa ""Message"" da assemblagem ""Microsoft.Build.Tasks.v4.0, Version=4.0.0.0, Culture=neutral, PublicKeyToken=b03f5f7f11d50a3a""."
"Message",Low,"Tarefa ""Message"""
"Message",Normal,"AppContextSwitch: ''"
"Message",Low,"Conclusão de execução da tarefa ""Message""."
"Message",Low,"Conclusão da criação do destino ""LogAppContextSwitches"" no projecto ""Unnamed_1""."
"Message",Low,"Destino ""SetMainTargetPaths"" no ficheiro ""C:\Program Files (x86)\MSBuild\Microsoft\.NetNative\x86\ilc\IlcInternals.targets"" do projecto ""C:\Users\jrnf0\documents\visual studio 2015\Projects\CMOVStockApp\CMOVStockApp\Unnamed_1"" (o destino ""CopyNativeExecutablesToOutput"" depende dele):"
"Message",Low,"Conclusão da criação do destino ""SetMainTargetPaths"" no projecto ""Unnamed_1""."
"Message",Low,"O destino ""GenerateFakeExe"" foi ignorado devido a uma condição falsa; (!Exists('@(InputILTarget)')) foi avaliado como (!Exists('C:\Users\jrnf0\documents\visual studio 2015\Projects\CMOVStockApp\CMOVStockApp\obj\x86\Release\ilc\in\CMOVStockApp.exe'))."
"Message",Low,"Destino ""InjectCoreLibTypeForwards"" no ficheiro ""C:\Program Files (x86)\MSBuild\Microsoft\.NetNative\x86\ilc\IlcInternals.targets"" do projecto ""C:\Users\jrnf0\documents\visual studio 2015\Projects\CMOVStockApp\CMOVStockApp\Unnamed_1"" (o destino ""RunILTransforms"" depende dele):"
"Message",Low,"A utilizar a tarefa ""MakeDir"" da assemblagem ""Microsoft.Build.Tasks.v4.0, Version=4.0.0.0, Culture=neutral, PublicKeyToken=b03f5f7f11d50a3a""."
"Message",Low,"Tarefa ""MakeDir"""
"Message",Normal,"A criar o directório ""C:\Users\jrnf0\documents\visual studio 2015\Projects\CMOVStockApp\CMOVStockApp\obj\x86\Release\ilc\intermediate\TransformedCoreLib\""."
"Message",Low,"Conclusão de execução da tarefa ""MakeDir""."
"Message",Low,"A utilizar a tarefa ""ILTransformTask"" da assemblagem ""Microsoft.Build.ILTasks""."
"Message",Low,"Tarefa ""ILTransformTask"""
"Message",Normal,"Running 'InjectCoreLibTypeForwards' transform, heap at 16 MB."
"Message",Normal,"Running 'InjectCoreLibIReflectableTypeSupport' transform, heap at 35 MB."
"Message",Normal,"Running 'WriteAssemblies' transform, heap at 35 MB."
"Message",Normal,""
"Message",Normal,"Transform summary"
"Message",Normal,"   ms | heap delta | name"
"Message",Normal,"   504 |         19 | InjectCoreLibTypeForwards"
"Message",Normal,"   458 |         20 | WriteAssemblies"
"Message",Normal,"     1 |          0 | InjectCoreLibIReflectableTypeSupport"
"Message",Low,"Conclusão de execução da tarefa ""ILTransformTask""."
"Message",Low,"Conclusão da criação do destino ""InjectCoreLibTypeForwards"" no projecto ""Unnamed_1""."
"Message",Low,"Destino ""InjectCoreLibTypeForwards"" ignorado. Anteriormente criado com êxito."
"Message",Low,"Destino ""PreResolveTransforms"" no ficheiro ""C:\Program Files (x86)\MSBuild\Microsoft\.NetNative\x86\ilc\IlcInternals.targets"" do projecto ""C:\Users\jrnf0\documents\visual studio 2015\Projects\CMOVStockApp\CMOVStockApp\Unnamed_1"" (o destino ""RunILTransforms"" depende dele):"
"Message",Low,"A criar completamente o destino ""PreResolveTransforms""."
"Message",Low,"O ficheiro de saída ""C:\Users\jrnf0\documents\visual studio 2015\Projects\CMOVStockApp\CMOVStockApp\obj\x86\Release\ilc\intermediate\PreMergeILTransformed\CMOVStockApp.exe"" não existe."
"Message",Low,"Tarefa ""MakeDir"""
"Message",Normal,"A criar o directório ""C:\Users\jrnf0\documents\visual studio 2015\Projects\CMOVStockApp\CMOVStockApp\obj\x86\Release\ilc\intermediate\PreMergeILTransformed\""."
"Message",Low,"Conclusão de execução da tarefa ""MakeDir""."
"Message",Low,"A utilizar a tarefa ""AssemblyClosureTask"" da assemblagem ""Microsoft.Build.ILTasks""."
"Message",Low,"Tarefa ""AssemblyClosureTask"""
"Message",Low,"Conclusão de execução da tarefa ""AssemblyClosureTask""."
"Message",Low,"Tarefa ""ILTransformTask"""
"Message",Normal,"Running 'ResolveSelfReferences' transform, heap at 35 MB."
"Message",Normal,"Could not find symbols for assembly 'C:\Users\jrnf0\documents\visual studio 2015\Projects\CMOVStockApp\CMOVStockApp\obj\x86\Release\ilc\in\Microsoft.ApplicationInsights.dll'. Symbols should be placed in the same folder as the assembly."
"Message",Normal,"Could not find symbols for assembly 'C:\Users\jrnf0\documents\visual studio 2015\Projects\CMOVStockApp\CMOVStockApp\obj\x86\Release\ilc\in\Microsoft.ApplicationInsights.Extensibility.Windows.dll'. Symbols should be placed in the same folder as the assembly."
"Message",Normal,"Could not find symbols for assembly 'C:\Users\jrnf0\documents\visual studio 2015\Projects\CMOVStockApp\CMOVStockApp\obj\x86\Release\ilc\in\Microsoft.ApplicationInsights.PersistenceChannel.dll'. Symbols should be placed in the same folder as the assembly."
"Message",Normal,"Could not find symbols for assembly 'C:\Users\jrnf0\documents\visual studio 2015\Projects\CMOVStockApp\CMOVStockApp\obj\x86\Release\ilc\in\Newtonsoft.Json.dll'. Symbols should be placed in the same folder as the assembly."
"Message",Normal,"Could not find symbols for assembly 'C:\Users\jrnf0\documents\visual studio 2015\Projects\CMOVStockApp\CMOVStockApp\obj\x86\Release\ilc\in\WinRTXamlToolkit.Controls.DataVisualization.dll'. Symbols should be placed in the same folder as the assembly."
"Message",Normal,"Could not find symbols for assembly 'C:\Users\jrnf0\documents\visual studio 2015\Projects\CMOVStockApp\CMOVStockApp\obj\x86\Release\ilc\in\WinRTXamlToolkit.dll'. Symbols should be placed in the same folder as the assembly."
"Message",Normal,"Running 'RemoveDuplicateMembers' transform, heap at 85 MB."
"Message",Normal,"Running 'GenericNameValidator' transform, heap at 85 MB."
"Message",Normal,"Running 'PortableLib' transform, heap at 85 MB."
"Message",Normal,"Running 'WriteAssemblies' transform, heap at 85 MB."
"Message",Normal,""
"Message",Normal,"Transform summary"
"Message",Normal,"   ms | heap delta | name"
"Message",Normal,"   530 |         50 | ResolveSelfReferences"
"Message",Normal,"   236 |          0 | PortableLib"
"Message",Normal,"   131 |          7 | WriteAssemblies"
"Message",Normal,"    16 |          0 | RemoveDuplicateMembers"
"Message",Normal,"     0 |          0 | GenericNameValidator"
"Message",Low,"Conclusão de execução da tarefa ""ILTransformTask""."
"Message",Low,"A utilizar a tarefa ""Copy"" da assemblagem ""Microsoft.Build.Tasks.v4.0, Version=4.0.0.0, Culture=neutral, PublicKeyToken=b03f5f7f11d50a3a""."
"Message",Low,"Tarefa ""Copy"""
"Message",Normal,"A copiar ficheiro de ""C:\Users\jrnf0\documents\visual studio 2015\Projects\CMOVStockApp\CMOVStockApp\obj\x86\Release\ilc\in\CMOVStockApp.pdb"" para ""C:\Users\jrnf0\documents\visual studio 2015\Projects\CMOVStockApp\CMOVStockApp\obj\x86\Release\ilc\intermediate\PreMergeILTransformed\CMOVStockApp.pdb""."
"Message",Low,"Conclusão de execução da tarefa ""Copy""."
"Message",Low,"Tarefa ""Copy"""
"Message",Normal,"A copiar ficheiro de ""C:\Users\jrnf0\documents\visual studio 2015\Projects\CMOVStockApp\CMOVStockApp\obj\x86\Release\ilc\in\CMOVStockApp.exe"" para ""C:\Users\jrnf0\documents\visual studio 2015\Projects\CMOVStockApp\CMOVStockApp\obj\x86\Release\ilc\intermediate\PreMergeILTransformed\CMOVStockApp.exe""."
"Message",Low,"Conclusão de execução da tarefa ""Copy""."
"Message",Low,"A tarefa ""Copy"" foi ignorada, devido a uma condição falsa; ('$(HasMcgPatchDlls)'=='true') foi avaliado como (''=='true')."
"Message",Low,"Conclusão da criação do destino ""PreResolveTransforms"" no projecto ""Unnamed_1""."
"Message",Low,"Destino ""InitInputResourceName"" no ficheiro ""C:\Program Files (x86)\MSBuild\Microsoft\.NetNative\x86\ilc\IlcInternals.targets"" do projecto ""C:\Users\jrnf0\documents\visual studio 2015\Projects\CMOVStockApp\CMOVStockApp\Unnamed_1"" (o destino ""RunILTransforms"" depende dele):"
"Message",Low,"A tarefa ""ResolveFilePathTask"" foi ignorada, devido a uma condição falsa; ('$(InputPath)' != '' and Exists('$(InputPath)\obj\')) foi avaliado como ('C:\Users\jrnf0\documents\visual studio 2015\Projects\CMOVStockApp\CMOVStockApp\obj\x86\Release\ilc\in' != '' and Exists('C:\Users\jrnf0\documents\visual studio 2015\Projects\CMOVStockApp\CMOVStockApp\obj\x86\Release\ilc\in\obj\'))."
"Message",Low,"A utilizar a tarefa ""ResolveFilePathTask"" da assemblagem ""Microsoft.Build.ILTasks""."
"Message",Low,"Tarefa ""ResolveFilePathTask"""
"Message",Low,"Conclusão de execução da tarefa ""ResolveFilePathTask""."
"Message",Low,"Conclusão da criação do destino ""InitInputResourceName"" no projecto ""Unnamed_1""."
"Message",Low,"Destino ""PreResolveTransforms"" ignorado. Anteriormente criado com êxito."
"Message",Low,"O destino ""SetForSharedInputs"" foi ignorado devido a uma condição falsa; ('$(UseSharedAssemblies)' == 'true') foi avaliado como ('false' == 'true')."
"Message",Low,"O destino ""SetForBuildSharedAssemblies"" foi ignorado devido a uma condição falsa; ('$(BuildSharedAssemblies)' == 'true') foi avaliado como ('false' == 'true')."
"Message",Low,"Destino ""ResolveInitialReferences"" no ficheiro ""C:\Program Files (x86)\MSBuild\Microsoft\.NetNative\x86\ilc\IlcInternals.targets"" do projecto ""C:\Users\jrnf0\documents\visual studio 2015\Projects\CMOVStockApp\CMOVStockApp\Unnamed_1"" (o destino ""RunILTransforms"" depende dele):"
"Message",Low,"Tarefa ""ResolveFilePathTask"""
"Message",Low,"Conclusão de execução da tarefa ""ResolveFilePathTask""."
"Message",Low,"Tarefa ""ResolveFilePathTask"""
"Message",Low,"Conclusão de execução da tarefa ""ResolveFilePathTask""."
"Message",Low,"A tarefa ""IlcErrorTask"" foi ignorada, devido a uma condição falsa; ('@(UnresolvedManagedDllFilesErrorParameters)'!='') foi avaliado como (''!='')."
"Message",Low,"Tarefa ""AssemblyClosureTask"""
"Message",Low,"Conclusão de execução da tarefa ""AssemblyClosureTask""."
"Message",Low,"Tarefa ""AssemblyClosureTask"""
"Message",Low,"Conclusão de execução da tarefa ""AssemblyClosureTask""."
"Message",Low,"A utilizar a tarefa ""RemoveDuplicates"" da assemblagem ""Microsoft.Build.Tasks.v4.0, Version=4.0.0.0, Culture=neutral, PublicKeyToken=b03f5f7f11d50a3a""."
"Message",Low,"Tarefa ""RemoveDuplicates"""
"Message",Low,"Conclusão de execução da tarefa ""RemoveDuplicates""."
"Message",Low,"Conclusão da criação do destino ""ResolveInitialReferences"" no projecto ""Unnamed_1""."
"Message",Low,"Destino ""RunILTransforms"" no ficheiro ""C:\Program Files (x86)\MSBuild\Microsoft\.NetNative\x86\ilc\IlcInternals.targets"" do projecto ""C:\Users\jrnf0\documents\visual studio 2015\Projects\CMOVStockApp\CMOVStockApp\Unnamed_1"" (o destino ""GenerateMDILResponseFileSingleFile"" depende dele):"
"Message",Low,"A criar completamente o destino ""RunILTransforms""."
"Message",Low,"O ficheiro de saída ""C:\Users\jrnf0\documents\visual studio 2015\Projects\CMOVStockApp\CMOVStockApp\obj\x86\Release\ilc\intermediate\ILTransformed\CMOVStockApp.ilexe"" não existe."
"Message",Low,"Tarefa ""IlcMessageTask"""
"Message",High,"Processing application code"
"Message",Low,"Conclusão de execução da tarefa ""IlcMessageTask""."
"Message",Low,"A utilizar a tarefa ""ValidateSimpleNamesTask"" da assemblagem ""C:\Program Files (x86)\MSBuild\Microsoft\.NetNative\x86\ilc\ilc.exe""."
"Message",Low,"Tarefa ""ValidateSimpleNamesTask"""
"Message",Low,"Conclusão de execução da tarefa ""ValidateSimpleNamesTask""."
"Message",Low,"Tarefa ""MakeDir"""
"Message",Normal,"A criar o directório ""C:\Users\jrnf0\documents\visual studio 2015\Projects\CMOVStockApp\CMOVStockApp\obj\x86\Release\ilc\intermediate\ILTransformed\""."
"Message",Low,"Conclusão de execução da tarefa ""MakeDir""."
"Message",Low,"A tarefa ""MakeDir"" foi ignorada, devido a uma condição falsa; ('$(BuildSharedAssemblies)' == 'true' And '$(InternalFeatureSwitch_ILTableOfContents)' == 'true') foi avaliado como ('false' == 'true' And 'true' == 'true')."
"Message",Low,"A tarefa ""MakeDir"" foi ignorada, devido a uma condição falsa; ('$(BuildSharedAssemblies)' == 'true' And '$(InternalFeatureSwitch_ILTableOfContents)' == 'true') foi avaliado como ('false' == 'true' And 'true' == 'true')."
"Message",Low,"A tarefa ""IlcErrorTask"" foi ignorada, devido a uma condição falsa; ('$(PlatformTarget)'=='') foi avaliado como ('x86'=='')."
"Message",Low,"Tarefa ""ResolveFilePathTask"""
"Message",Low,"Conclusão de execução da tarefa ""ResolveFilePathTask""."
"Message",Low,"A tarefa ""IlcErrorTask"" foi ignorada, devido a uma condição falsa; ('@(UnresolvedMcgSourceContractsReferencesErrorParameters)'!='') foi avaliado como (''!='')."
"Message",Low,"Tarefa ""ResolveFilePathTask"""
"Message",Low,"Conclusão de execução da tarefa ""ResolveFilePathTask""."
"Message",Low,"A tarefa ""IlcErrorTask"" foi ignorada, devido a uma condição falsa; ('@(UnresolvedMcgSourceFacadeErrorParameters)'!='') foi avaliado como (''!='')."
"Message",Low,"Tarefa ""ResolveFilePathTask"""
"Message",Low,"Conclusão de execução da tarefa ""ResolveFilePathTask""."
"Message",Low,"Tarefa ""ResolveFilePathTask"""
"Message",Low,"Conclusão de execução da tarefa ""ResolveFilePathTask""."
"Message",Low,"A tarefa ""IlcErrorTask"" foi ignorada, devido a uma condição falsa; ('@(UnresolvedManagedDllFilesErrorParameters)'!='') foi avaliado como (''!='')."
"Message",Low,"Tarefa ""AssemblyClosureTask"""
"Message",Low,"Conclusão de execução da tarefa ""AssemblyClosureTask""."
"Message",Low,"Tarefa ""ResolveFilePathTask"""
"Message",Low,"Conclusão de execução da tarefa ""ResolveFilePathTask""."
"Message",Low,"A tarefa ""IlcErrorTask"" foi ignorada, devido a uma condição falsa; ('@(UnresolvedCoreAssemblyErrorParameters)'!='') foi avaliado como (''!='')."
"Message",Low,"Tarefa ""RemoveDuplicates"""
"Message",Low,"Conclusão de execução da tarefa ""RemoveDuplicates""."
"Message",Low,"A tarefa ""AddToNativePackageTask"" foi ignorada, devido a uma condição falsa; ('@(NeedsClrCompression)' != '' and '$(BuildSharedAssemblies)' != 'true') foi avaliado como ('' != '' and 'false' != 'true')."
"Message",Low,"Tarefa ""MakeDir"""
"Message",Normal,"A criar o directório ""C:\Users\jrnf0\documents\visual studio 2015\Projects\CMOVStockApp\CMOVStockApp\obj\x86\Release\ilc\intermediate\SgGenerated""."
"Message",Low,"Conclusão de execução da tarefa ""MakeDir""."
"Message",Low,"A utilizar a tarefa ""WriteLinesToFile"" da assemblagem ""Microsoft.Build.Tasks.v4.0, Version=4.0.0.0, Culture=neutral, PublicKeyToken=b03f5f7f11d50a3a""."
"Message",Low,"Tarefa ""WriteLinesToFile"""
"Message",Low,"Conclusão de execução da tarefa ""WriteLinesToFile""."
"Message",Low,"Tarefa ""MakeDir"""
"Message",Normal,"A criar o directório ""C:\Users\jrnf0\documents\visual studio 2015\Projects\CMOVStockApp\CMOVStockApp\obj\x86\Release\ilc\intermediate\ResW\""."
"Message",Low,"Conclusão de execução da tarefa ""MakeDir""."
"Message",Low,"A tarefa ""IlcWarningTask"" foi ignorada, devido a uma condição falsa; ('$(BuildSharedAssemblies)' != 'true' and '@(ReducerInputFiles)' == '') foi avaliado como ('false' != 'true' and 'C:\Users\jrnf0\documents\visual studio 2015\Projects\CMOVStockApp\CMOVStockApp\obj\x86\Release\ilc\in\Properties\Default.rd.xml' == '')."
"Message",Low,"Tarefa ""ILTransformTask"""
"Message",Normal,"Running 'Analysis' transform, heap at 21 MB."
"Message",Low,"Loading 94 modules..."
"Message",Normal,"Imported reflection directives from 19 files:"
"Message",Normal,"C:\Users\jrnf0\documents\visual studio 2015\Projects\CMOVStockApp\CMOVStockApp\obj\x86\Release\ilc\in\Properties\Default.rd.xml"
"Message",Normal,"Embedded manifest in System.Diagnostics.Tracing: Resources.System.Diagnostics.Tracing.rd.xml"
"Message",Normal,"Embedded manifest in System.Private.CoreLib: Resources.System.Private.CoreLib.rd.xml"
"Message",Normal,"Embedded manifest in System.Private.Uri: Resources.System.Private.Uri.rd.xml"
"Message",Normal,"Embedded manifest in System.Private.Reflection: Resources.System.Private.Reflection.rd.xml"
"Message",Normal,"Embedded manifest in System.Private.Reflection.Core: Resources.System.Private.Reflection.Core.rd.xml"
"Message",Normal,"Embedded manifest in System.Private.Interop: Resources.System.Private.Interop.rd.xml"
"Message",Normal,"Embedded manifest in System.Private.PortableThunks: Resources.System.Private.PortableThunks.rd.xml"
"Message",Normal,"Embedded manifest in System.Dynamic.Runtime: Resources.System.Dynamic.Runtime.rd.xml"
"Message",Normal,"Embedded manifest in System.Xml.ReaderWriter: System.Xml.Resources.System.Xml.ReaderWriter.rd.xml"
"Message",Normal,"Embedded manifest in System.Xml.XDocument: System.Xml.Resources.System.Xml.XDocument.rd.xml"
"Message",Normal,"Embedded manifest in System.Runtime.Serialization.Primitives: System.Runtime.Serialization.Primitives.Resources.System.Runtime.Serialization.Primitives.rd.xml"
"Message",Normal,"Embedded manifest in System.Linq.Expressions: Resources.System.Linq.Expressions.rd.xml"
"Message",Normal,"Embedded manifest in Microsoft.CSharp: Microsoft.CSharp.Resources.Microsoft.CSharp.rd.xml"
"Message",Normal,"Embedded manifest in System.Xml.XmlSerializer: System.Xml.XmlSerializer.Resources.System.Xml.XmlSerializer.rd.xml"
"Message",Normal,"Embedded manifest in System.Private.DataContractSerialization: System.Private.DataContractSerialization.Resources.System.Private.DataContractSerialization.rd.xml"
"Message",Normal,"Microsoft.ApplicationInsights"
"Message",Normal,"Newtonsoft.Json"
"Message",Normal,"WinRTXamlToolkit"
"Message",Normal,"Imported XAML Roots from 3 files:"
"Message",Normal,"C:\Users\jrnf0\documents\visual studio 2015\Projects\CMOVStockApp\CMOVStockApp\obj\x86\Release\ilc\in\CMOVStockApp.xr.xml"
"Message",Normal,"C:\Users\jrnf0\documents\visual studio 2015\Projects\CMOVStockApp\CMOVStockApp\obj\x86\Release\ilc\in\WinRTXamlToolkit\WinRTXamlToolkit.xr.xml"
"Message",Normal,"C:\Users\jrnf0\documents\visual studio 2015\Projects\CMOVStockApp\CMOVStockApp\obj\x86\Release\ilc\in\WinRTXamlToolkit.Controls.DataVisualization\WinRTXamlToolkit.Controls.DataVisualization.xr.xml"
"Message",Normal,"Running 'Mcg' transform, heap at 268 MB."
"Message",High,"Computing application closure and generating interop code"
"Message",Normal,"  List of .lib files:"
"Message",Normal,"      WindowsApp.lib"
"Message",Normal,"  List of .lib search paths:"
"Message",Normal,"      C:\Program Files (x86)\Windows Kits\10\lib\10.0.10240.0\um\x86"
"Message",Normal,"  Loading exports from libs..."
"Message",Normal,"      2365 exports read from 'C:\Program Files (x86)\Windows Kits\10\lib\10.0.10240.0\um\x86\WindowsApp.lib'."
"Message",Normal,"  Loading 94 modules..."
"Message",Normal,"  Generating code..."
"Message",Normal,"      Resolving P/invokes..."
"Message",Normal,"          P/Invoke 'RhWaitForPendingFinalizers' could not be resolved but ExactSpelling specified , defaulting to [MRT]!RhWaitForPendingFinalizers"
"Message",Normal,"          P/Invoke 'RhCompatibleReentrantWaitAny' could not be resolved but ExactSpelling specified , defaulting to [MRT]!RhCompatibleReentrantWaitAny"
"Message",Normal,"          P/Invoke '_ecvt_s' could not be resolved but ExactSpelling specified , defaulting to [MRT]!_ecvt_s"
"Message",Normal,"          P/Invoke 'memmove' could not be resolved but ExactSpelling specified , defaulting to [MRT]!memmove"
"Message",Normal,"          P/Invoke 'GetLastError' resolved to api-ms-win-core-errorhandling-l1-1-1.dll!GetLastError"
"Message",Normal,"          P/Invoke 'SetLastError' resolved to api-ms-win-core-errorhandling-l1-1-1.dll!SetLastError"
"Message",Normal,"          P/Invoke 'GetLastError' resolved to api-ms-win-core-errorhandling-l1-1-1.dll!GetLastError"
"Message",Normal,"          P/Invoke 'NormalizeString' resolved to api-ms-win-core-normalization-l1-1-0.dll!NormalizeString"
"Message",Normal,"          P/Invoke 'RoInitialize' resolved to api-ms-win-core-winrt-l1-1-0.dll!RoInitialize"
"Message",Normal,"          P/Invoke 'GetCurrentThreadId' resolved to api-ms-win-core-processthreads-l1-1-2.dll!GetCurrentThreadId"
"Message",Normal,"          P/Invoke 'GetCurrentProcessId' resolved to api-ms-win-core-processthreads-l1-1-2.dll!GetCurrentProcessId"
"Message",Normal,"          P/Invoke 'EventWriteTransfer' resolved to api-ms-win-eventing-provider-l1-1-0.dll!EventWriteTransfer"
"Message",Normal,"          P/Invoke 'EventSetInformation' resolved to api-ms-win-eventing-provider-l1-1-0.dll!EventSetInformation"
"Message",Normal,"          P/Invoke 'EventRegister' resolved to api-ms-win-eventing-provider-l1-1-0.dll!EventRegister"
"Message",Normal,"          P/Invoke 'EventUnregister' resolved to api-ms-win-eventing-provider-l1-1-0.dll!EventUnregister"
"Message",Normal,"          P/Invoke 'IsValidLocaleName' resolved to api-ms-win-core-localization-l1-2-1.dll!IsValidLocaleName"
"Message",Normal,"          P/Invoke 'ResolveLocaleName' resolved to api-ms-win-core-localization-l1-2-1.dll!ResolveLocaleName"
"Message",Normal,"          P/Invoke 'FormatMessage' resolved to api-ms-win-core-localization-l1-2-1.dll!FormatMessageA"
"Message",Normal,"          P/Invoke 'GetCPInfoExW' resolved to api-ms-win-core-localization-l1-2-1.dll!GetCPInfoExW"
"Message",Normal,"          P/Invoke 'IdnToAscii' resolved to api-ms-win-core-localization-l1-2-1.dll!IdnToAscii"
"Message",Normal,"          P/Invoke 'IdnToUnicode' resolved to api-ms-win-core-localization-l1-2-1.dll!IdnToUnicode"
"Message",Normal,"          P/Invoke 'FindNLSStringEx' resolved to api-ms-win-core-localization-l1-2-1.dll!FindNLSStringEx"
"Message",Normal,"          P/Invoke 'FormatMessageW' resolved to api-ms-win-core-localization-l1-2-1.dll!FormatMessageW"
"Message",Normal,"          P/Invoke 'GetCommandLineW' resolved to api-ms-win-core-processenvironment-l1-2-0.dll!GetCommandLineW"
"Message",Normal,"          P/Invoke 'RaiseFailFastException' resolved to api-ms-win-core-errorhandling-l1-1-3.dll!RaiseFailFastException"
"Message",Normal,"          P/Invoke 'QueryPerformanceFrequency' resolved to api-ms-win-core-profile-l1-1-0.dll!QueryPerformanceFrequency"
"Message",Normal,"          P/Invoke 'QueryPerformanceCounter' resolved to api-ms-win-core-profile-l1-1-0.dll!QueryPerformanceCounter"
"Message",Normal,"          P/Invoke 'CallingConventionConverter_GetStubs' could not be resolved but ExactSpelling specified , defaulting to *!CallingConventionConverter_GetStubs"
"Message",Normal,"          P/Invoke 'ConstrainedCallSupport_GetStubs' could not be resolved but ExactSpelling specified , defaulting to *!ConstrainedCallSupport_GetStubs"
"Message",Normal,"          P/Invoke 'GetNativeSystemInfo' resolved to api-ms-win-core-sysinfo-l1-2-1.dll!GetNativeSystemInfo"
"Message",Normal,"          P/Invoke 'VirtualQuery' resolved to api-ms-win-core-memory-l1-1-2.dll!VirtualQuery"
"Message",Normal,"          P/Invoke 'CompareStringEx' resolved to api-ms-win-core-string-l1-1-0.dll!CompareStringEx"
"Message",Normal,"          P/Invoke 'CompareStringOrdinal' resolved to api-ms-win-core-string-l1-1-0.dll!CompareStringOrdinal"
"Message",Normal,"          P/Invoke 'FindStringOrdinal' resolved to api-ms-win-core-libraryloader-l1-2-0.dll!FindStringOrdinal"
"Message",Normal,"          P/Invoke 'deflateInit2_' resolved to clrcompression.dll!deflateInit2_"
"Message",Normal,"          P/Invoke 'deflateEnd' resolved to clrcompression.dll!deflateEnd"
"Message",Normal,"          P/Invoke 'inflateEnd' resolved to clrcompression.dll!inflateEnd"
"Message",Normal,"          P/Invoke 'deflate' resolved to clrcompression.dll!deflate"
"Message",Normal,"          P/Invoke 'CoCreateInstance' could not be resolved but ExactSpelling specified , defaulting to api-ms-win-core-com-l1-1-0.dll!CoCreateInstance"
"Message",Normal,"          P/Invoke 'QueryUnbiasedInterruptTime' resolved to api-ms-win-core-realtime-l1-1-0.dll!QueryUnbiasedInterruptTime"
"Message",Normal,"          P/Invoke 'SysFreeString' resolved to oleaut32.dll!#6"
"Message",Normal,"          P/Invoke 'GetLongPathNameW' resolved to api-ms-win-core-file-l1-2-1.dll!GetLongPathNameW"
"Message",Normal,"          P/Invoke 'GetLongPathNameW' resolved to api-ms-win-core-file-l1-2-1.dll!GetLongPathNameW"
"Message",Normal,"          P/Invoke 'GetFullPathNameW' resolved to api-ms-win-core-file-l1-2-1.dll!GetFullPathNameW"
"Message",Normal,"          P/Invoke 'GetFullPathNameW' resolved to api-ms-win-core-file-l1-2-1.dll!GetFullPathNameW"
"Message",Normal,"          P/Invoke 'RoGetBufferMarshaler' resolved to api-ms-win-core-winrt-robuffer-l1-1-0.dll!RoGetBufferMarshaler"
"Message",Normal,"  Interop code generated."
"Message",Normal,"  Written code to AssemblyInfo.g.cs"
"Message",Normal,"  Written code to Adapters.g.cs"
"Message",Normal,"  Written code to Data.g.cs"
"Message",Normal,"  Written code to Helpers.g.cs"
"Message",Normal,"  Written code to ImplTypes.g.cs"
"Message",Normal,"  Written code to PInvoke.g.cs"
"Message",Normal,"  Written code to SafeTypes.g.cs"
"Message",Normal,"  Written code to SharedStubs.g.cs"
"Message",Normal,"  Written code to CMOVStockApp.ITFProxy.g.cs"
"Message",Normal,"Running 'CompileMcgSourceAndSerializationAssemblyGenerator' transform, heap at 347 MB."
"Message",High,"Generating serialization code"
"Message",High,"Compiling interop code"
"Message",Low,"Compiling MCG output with arguments:  /debug:""pdbonly"" /nowarn:""0436;0618;1668;1685;1701;1702"" /debug+ /nostdlib+ /optimize+ /out:""C:\Users\jrnf0\documents\visual studio 2015\Projects\CMOVStockApp\CMOVStockApp\obj\x86\Release\ilc\intermediate\CMOVStockApp.Interop.dll"" /pdb:""C:\Users\jrnf0\documents\visual studio 2015\Projects\CMOVStockApp\CMOVStockApp\obj\x86\Release\ilc\intermediate\CMOVStockApp.Interop.pdb"" /platform:""x86"" /warnaserror+ /unsafe /noconfig /nologo /target:library /define:""MCG_PRE_BUILD"" /r:""C:\Program Files (x86)\MSBuild\Microsoft\.NetNative\x86\ilc\lib\Private\System.Private.Corelib.dll"" /r:""C:\Program Files (x86)\MSBuild\Microsoft\.NetNative\x86\ilc\lib\Private\System.Private.Corelib.InteropServices.dll"" /r:""C:\Program Files (x86)\MSBuild\Microsoft\.NetNative\x86\ilc\lib\Private\System.Private.Interop.dll"" /r:""C:\Users\jrnf0\documents\visual studio 2015\Projects\CMOVStockApp\CMOVStockApp\obj\x86\Release\ilc\in\System.Private.Uri.dll"" /r:""C:\Program Files (x86)\MSBuild\Microsoft\.NetNative\x86\ilc\lib\Private\System.Private.CompilerServices.ICastable.dll"" /r:""C:\Program Files (x86)\MSBuild\Microsoft\.NetNative\x86\ilc\lib\Private\System.Private.Reflection.dll"" /r:""C:\Program Files (x86)\MSBuild\Microsoft\.NetNative\x86\ilc\lib\Private\System.Private.DispatchProxy.dll"" /r:""C:\Users\jrnf0\documents\visual studio 2015\Projects\CMOVStockApp\CMOVStockApp\obj\x86\Release\ilc\in\System.Reflection.DispatchProxy.dll"" /r:""C:\Users\jrnf0\documents\visual studio 2015\Projects\CMOVStockApp\CMOVStockApp\obj\x86\Release\ilc\in\System.Reflection.dll"" /r:""C:\Users\jrnf0\documents\visual studio 2015\Projects\CMOVStockApp\CMOVStockApp\obj\x86\Release\ilc\in\System.Runtime.dll"" /r:""C:\Users\jrnf0\documents\visual studio 2015\Projects\CMOVStockApp\CMOVStockApp\obj\x86\Release\ilc\in\System.Runtime.InteropServices.dll"" /r:""C:\Users\jrnf0\documents\visual studio 2015\Projects\CMOVStockApp\CMOVStockApp\obj\x86\Release\ilc\in\System.Runtime.InteropServices.WindowsRuntime.dll"" /r:""C:\Users\jrnf0\documents\visual studio 2015\Projects\CMOVStockApp\CMOVStockApp\obj\x86\Release\ilc\in\System.Numerics.Vectors.dll"" /r:""C:\Users\jrnf0\documents\visual studio 2015\Projects\CMOVStockApp\CMOVStockApp\obj\x86\Release\ilc\in\System.Threading.dll"" /r:""C:\Users\jrnf0\documents\visual studio 2015\Projects\CMOVStockApp\CMOVStockApp\obj\x86\Release\ilc\in\System.Diagnostics.Debug.dll"" /r:""C:\Users\jrnf0\documents\visual studio 2015\Projects\CMOVStockApp\CMOVStockApp\obj\x86\Release\ilc\in\System.Runtime.Handles.dll"" /r:""C:\Users\jrnf0\documents\visual studio 2015\Projects\CMOVStockApp\CMOVStockApp\obj\x86\Release\ilc\in\System.Dynamic.Runtime.dll"" /r:""C:\Program Files (x86)\MSBuild\Microsoft\.NetNative\x86\ilc\lib\Private\System.Private.CoreLib.Augments.dll"" /r:""C:\Users\jrnf0\documents\visual studio 2015\Projects\CMOVStockApp\CMOVStockApp\obj\x86\Release\ilc\in\System.Runtime.Extensions.dll"" /r:""C:\Users\jrnf0\documents\visual studio 2015\Projects\CMOVStockApp\CMOVStockApp\obj\x86\Release\ilc\in\System.Collections.dll"" /r:""C:\Users\jrnf0\documents\visual studio 2015\Projects\CMOVStockApp\CMOVStockApp\obj\x86\Release\ilc\in\System.ObjectModel.dll"" /r:""C:\Users\jrnf0\documents\visual studio 2015\Projects\CMOVStockApp\CMOVStockApp\obj\x86\Release\ilc\in\System.Runtime.WindowsRuntime.dll"" /r:""C:\Users\jrnf0\documents\visual studio 2015\Projects\CMOVStockApp\CMOVStockApp\obj\x86\Release\ilc\in\System.Runtime.WindowsRuntime.UI.Xaml.dll"" ""C:\Users\jrnf0\documents\visual studio 2015\Projects\CMOVStockApp\CMOVStockApp\obj\x86\Release\ilc\intermediate\CMOVStockApp.ITFProxy.g.cs"" ""C:\Users\jrnf0\documents\visual studio 2015\Projects\CMOVStockApp\CMOVStockApp\obj\x86\Release\ilc\intermediate\CMOVStockApp.Interop\Adapters.g.cs"" ""C:\Users\jrnf0\documents\visual studio 2015\Projects\CMOVStockApp\CMOVStockApp\obj\x86\Release\ilc\intermediate\CMOVStockApp.Interop\AssemblyInfo.g.cs"" ""C:\Users\jrnf0\documents\visual studio 2015\Projects\CMOVStockApp\CMOVStockApp\obj\x86\Release\ilc\intermediate\CMOVStockApp.Interop\Data.g.cs"" ""C:\Users\jrnf0\documents\visual studio 2015\Projects\CMOVStockApp\CMOVStockApp\obj\x86\Release\ilc\intermediate\CMOVStockApp.Interop\Helpers.g.cs"" ""C:\Users\jrnf0\documents\visual studio 2015\Projects\CMOVStockApp\CMOVStockApp\obj\x86\Release\ilc\intermediate\CMOVStockApp.Interop\ImplTypes.g.cs"" ""C:\Users\jrnf0\documents\visual studio 2015\Projects\CMOVStockApp\CMOVStockApp\obj\x86\Release\ilc\intermediate\CMOVStockApp.Interop\PInvoke.g.cs"" ""C:\Users\jrnf0\documents\visual studio 2015\Projects\CMOVStockApp\CMOVStockApp\obj\x86\Release\ilc\intermediate\CMOVStockApp.Interop\SafeTypes.g.cs"" ""C:\Users\jrnf0\documents\visual studio 2015\Projects\CMOVStockApp\CMOVStockApp\obj\x86\Release\ilc\intermediate\CMOVStockApp.Interop\SharedStubs.g.cs"""
"Message",Normal,"The assembly 'Newtonsoft.Json.dll' is found in more than one folder."
"Message",Normal,"file:///C:/Users/jrnf0/documents/visual studio 2015/Projects/CMOVStockApp/CMOVStockApp/obj/x86/Release/ilc/intermediate/PreMergeILTransformed/Newtonsoft.Json.dll"
"Message",Normal,"C:\Users\jrnf0\documents\visual studio 2015\Projects\CMOVStockApp\CMOVStockApp\obj\x86\Release\ilc\in\Newtonsoft.Json.dll"
"Message",Normal,"The type 'System.Net.Security.ProtectionLevel' is found in more than one assembly."
"Message",Normal,"file:///C:/Users/jrnf0/documents/visual studio 2015/Projects/CMOVStockApp/CMOVStockApp/obj/x86/Release/ilc/in/System.Private.Networking.dll"
"Message",Normal,"file:///C:/Users/jrnf0/documents/visual studio 2015/Projects/CMOVStockApp/CMOVStockApp/obj/x86/Release/ilc/in/System.Private.ServiceModel.dll"
"Message",Normal,"The assembly 'CMOVStockApp.exe' is found in more than one folder."
"Message",Normal,"file:///C:/Users/jrnf0/documents/visual studio 2015/Projects/CMOVStockApp/CMOVStockApp/obj/x86/Release/ilc/intermediate/PreMergeILTransformed/CMOVStockApp.exe"
"Message",Normal,"C:\Users\jrnf0\documents\visual studio 2015\Projects\CMOVStockApp\CMOVStockApp\obj\x86\Release\ilc\in\CMOVStockApp.exe"
"Message",Normal,"The type 'System.DBNull' is found in more than one assembly."
"Message",Normal,"file:///C:/Users/jrnf0/documents/visual studio 2015/Projects/CMOVStockApp/CMOVStockApp/obj/x86/Release/ilc/in/System.Data.Common.dll"
"Message",Normal,"file:///C:/Program Files (x86)/MSBuild/Microsoft/.NetNative/x86/ilc/lib/Private/System.Private.Reflection.Core.dll"
"Message",Normal,"Running 'DumpNativeResources' transform, heap at 347 MB."
"Message",Normal,"Running 'ReducedCopyInitialize' transform, heap at 348 MB."
"Message",Normal,"Running 'ReducedCopyEmptyTypes' transform, heap at 377 MB."
"Message",Normal,"Running 'ReducedCopyPopulateTypes' transform, heap at 416 MB."
"Message",Normal,"Running 'ReducedCopyLateMetadata' transform, heap at 392 MB."
"Message",Normal,"Running 'ReducedCopyMethodBodies' transform, heap at 449 MB."
"Message",Normal,"Running 'ReducedCopyComplete' transform, heap at 495 MB."
"Message",Normal,"Running 'ReducedCopyCleanup' transform, heap at 522 MB."
"Message",Normal,"Running 'DeveloperExperienceModeOnlyCodeRemover' transform, heap at 523 MB."
"Message",Normal,"Running 'ComImportDetector' transform, heap at 523 MB."
"Message",Normal,"Running 'McgAccessor' transform, heap at 523 MB."
"Message",Normal,"Running 'McgRedirect' transform, heap at 527 MB."
"Message",Normal,"Running 'McgRedirect' transform, heap at 533 MB."
"Message",Normal,"Running 'McgTypeOf' transform, heap at 535 MB."
"Message",Normal,"Running 'ExceptionMiniaturizer' transform, heap at 401 MB."
"Message",Normal,"Running 'EventSource' transform, heap at 418 MB."
"Message",Normal,"Running 'ValueType' transform, heap at 419 MB."
"Message",Normal,"Running 'Attribute' transform, heap at 422 MB."
"Message",Normal,"Running 'GetType' transform, heap at 424 MB."
"Message",Normal,"Running 'McgFixups' transform, heap at 427 MB."
"Message",Normal,"Running 'ResourceManagerCtor' transform, heap at 430 MB."
"Message",Normal,"Running 'TypeofTypeHandle' transform, heap at 407 MB."
"Message",Normal,"Running 'DispatchProxyIntrinsics' transform, heap at 423 MB."
"Message",Normal,"Running 'StaticInitData' transform, heap at 424 MB."
"Message",Normal,"Running 'StartupCodeInjector' transform, heap at 459 MB."
"Message",Normal,"Running 'InjectAppContextSwitches' transform, heap at 460 MB."
"Message",Normal,"Running 'ImplementLibraryDynamicInvokeHelpers' transform, heap at 460 MB."
"Message",Normal,"Running 'Delegate' transform, heap at 460 MB."
"Message",Normal,"Running 'DelegateCtorCall' transform, heap at 486 MB."
"Message",Normal,"Running 'LazyGenerics' transform, heap at 492 MB."
"Message",Normal,"Running 'AddReflectionBlockedAttributes' transform, heap at 446 MB."
"Message",Normal,"Running 'DisableOptimization' transform, heap at 447 MB."
"Message",Normal,"Running 'CreateMetadata' transform, heap at 447 MB."
"Message",Normal,"Running 'SynchronizedMethod' transform, heap at 512 MB."
"Message",Normal,"Running 'ReflectionInvoke' transform, heap at 512 MB."
"Message",Normal,"Running 'ScrubOpenCalls' transform, heap at 517 MB."
"Message",Normal,"Running 'Calli' transform, heap at 518 MB."
"Message",Normal,"Running 'ConvertCatchIntoFilter' transform, heap at 470 MB."
"Message",Normal,"Running 'ReflectionMappingInfoEmit' transform, heap at 471 MB."
"Message",Normal,"Running 'ConvertManagedWinMD' transform, heap at 478 MB."
"Message",Normal,"Running 'Reducer' transform, heap at 478 MB."
"Message",High,"Cleaning up unreferenced code"
"Message",Normal,"Running 'WriteAssemblies' transform, heap at 600 MB."
"Message",Normal,""
"Message",Normal,"Transform summary"
"Message",Normal,"   ms | heap delta | name"
"Message",Normal," 20459 |        247 | Analysis"
"Message",Normal,"  9102 |          0 | CompileMcgSourceAndSerializationAssemblyGenerator"
"Message",Normal,"  5447 |         76 | WriteAssemblies"
"Message",Normal,"  5030 |        122 | Reducer"
"Message",Normal,"  3631 |         79 | Mcg"
"Message",Normal,"  2017 |         65 | CreateMetadata"
"Message",Normal,"  1814 |        -24 | ReducedCopyPopulateTypes"
"Message",Normal,"   918 |         46 | ReducedCopyMethodBodies"
"Message",Normal,"   804 |       -134 | McgTypeOf"
"Message",Normal,"   780 |        -46 | LazyGenerics"
"Message",Normal,"   519 |         27 | ReducedCopyComplete"
"Message",Normal,"   441 |         57 | ReducedCopyLateMetadata"
"Message",Normal,"   428 |         17 | ExceptionMiniaturizer"
"Message",Normal,"   347 |          6 | McgRedirect"
"Message",Normal,"   323 |         39 | ReducedCopyEmptyTypes"
"Message",Normal,"   318 |        -48 | Calli"
"Message",Normal,"   298 |         35 | StaticInitData"
"Message",Normal,"   277 |         16 | TypeofTypeHandle"
"Message",Normal,"   270 |         29 | ReducedCopyInitialize"
"Message",Normal,"   223 |          2 | McgRedirect"
"Message",Normal,"   218 |        -23 | ResourceManagerCtor"
"Message",Normal,"   174 |          3 | GetType"
"Message",Normal,"   155 |          6 | DelegateCtorCall"
"Message",Normal,"   138 |         26 | Delegate"
"Message",Normal,"    64 |          3 | McgFixups"
"Message",Normal,"    57 |          0 | SynchronizedMethod"
"Message",Normal,"    46 |          1 | EventSource"
"Message",Normal,"    37 |          4 | McgAccessor"
"Message",Normal,"    34 |          1 | ScrubOpenCalls"
"Message",Normal,"    31 |          0 | InjectAppContextSwitches"
"Message",Normal,"    30 |          1 | DispatchProxyIntrinsics"
"Message",Normal,"    28 |          2 | Attribute"
"Message",Normal,"    25 |          5 | ReflectionInvoke"
"Message",Normal,"    18 |          1 | ConvertCatchIntoFilter"
"Message",Normal,"    17 |          3 | ValueType"
"Message",Normal,"    15 |          7 | ReflectionMappingInfoEmit"
"Message",Normal,"    11 |          1 | StartupCodeInjector"
"Message",Normal,"     7 |          1 | DumpNativeResources"
"Message",Normal,"     4 |          0 | DeveloperExperienceModeOnlyCodeRemover"
"Message",Normal,"     2 |          1 | AddReflectionBlockedAttributes"
"Message",Normal,"     0 |          1 | ReducedCopyCleanup"
"Message",Normal,"     0 |          0 | DisableOptimization"
"Message",Normal,"     0 |          0 | ConvertManagedWinMD"
"Message",Normal,"     0 |          0 | ComImportDetector"
"Message",Normal,"     0 |          0 | ImplementLibraryDynamicInvokeHelpers"
"Message",Low,"Conclusão de execução da tarefa ""ILTransformTask""."
"Message",Low,"A tarefa ""WriteLinesToFile"" foi ignorada, devido a uma condição falsa; ('$(BuildSharedAssemblies)' == 'true') foi avaliado como ('false' == 'true')."
"Message",Low,"Conclusão da criação do destino ""RunILTransforms"" no projecto ""Unnamed_1""."
"Message",Low,"O destino ""CheckSharedAssemblyClosure"" foi ignorado devido a uma condição falsa; ('$(BuildSharedAssemblies)' == 'true') foi avaliado como ('false' == 'true')."
"Message",Low,"O destino ""MergePgoCounts"" foi ignorado devido a uma condição falsa; ('$(Pgu)'=='true' and '$(MultiPhasePgd)'!='true') foi avaliado como ('false'=='true' and 'false'!='true')."
"Message",Low,"Destino ""GenerateMDILResponseFileSingleFile"" no ficheiro ""C:\Program Files (x86)\MSBuild\Microsoft\.NetNative\x86\ilc\IlcInternals.targets"" do projecto ""C:\Users\jrnf0\documents\visual studio 2015\Projects\CMOVStockApp\CMOVStockApp\Unnamed_1"" (o destino ""GenerateMDILSingleFile"" depende dele):"
"Message",Low,"A criar completamente o destino ""GenerateMDILResponseFileSingleFile""."
"Message",Low,"O ficheiro de saída ""C:\Users\jrnf0\documents\visual studio 2015\Projects\CMOVStockApp\CMOVStockApp\obj\x86\Release\ilc\intermediate\nutcargs.rsp"" não existe."
"Message",Low,"Tarefa ""IlcMessageTask"""
"Message",High,"Generating native code"
"Message",Low,"Conclusão de execução da tarefa ""IlcMessageTask""."
"Message",Low,"Tarefa ""MakeDir"""
"Message",Normal,"A criar o directório ""C:\Users\jrnf0\documents\visual studio 2015\Projects\CMOVStockApp\CMOVStockApp\obj\x86\Release\ilc\intermediate\MDIL\""."
"Message",Low,"Conclusão de execução da tarefa ""MakeDir""."
"Message",Low,"Tarefa ""WriteLinesToFile"""
"Message",Low,"Conclusão de execução da tarefa ""WriteLinesToFile""."
"Message",Low,"Conclusão da criação do destino ""GenerateMDILResponseFileSingleFile"" no projecto ""Unnamed_1""."
"Message",Low,"Destino ""GenerateMDILSingleFile"" no ficheiro ""C:\Program Files (x86)\MSBuild\Microsoft\.NetNative\x86\ilc\IlcInternals.targets"" do projecto ""C:\Users\jrnf0\documents\visual studio 2015\Projects\CMOVStockApp\CMOVStockApp\Unnamed_1"" (o destino ""GenerateMDIL"" depende dele):"
"Message",Low,"A criar completamente o destino ""GenerateMDILSingleFile""."
"Message",Low,"O ficheiro de saída ""C:\Users\jrnf0\documents\visual studio 2015\Projects\CMOVStockApp\CMOVStockApp\obj\x86\Release\ilc\intermediate\MDIL\CMOVStockApp.mdilexe"" não existe."
"Message",Low,"A utilizar a tarefa ""StartProcessTask"" da assemblagem ""Microsoft.Build.ILTasks""."
"Message",Low,"Tarefa ""StartProcessTask"""
"Message",Normal,"Launching 'C:\Program Files (x86)\MSBuild\Microsoft\.NetNative\x86\ilc\Tools\nutc_driver.exe @""C:\Users\jrnf0\documents\visual studio 2015\Projects\CMOVStockApp\CMOVStockApp\obj\x86\Release\ilc\intermediate\nutcargs.rsp""'"
"Message",Low,"Microsoft (R) MDIL Compiler - Version 1.0.23309.00"
"Message",Low,"Copyright (c) Microsoft Corporation.  All rights reserved."
"Message",Low,"Scanning input types"
"Message",Low,"Scanning 22366 methods."
"Message",Low,"Scanning 9349 methods."
"Message",Low,"Scanning 5950 methods."
"Message",Low,"Scanning 4152 methods."
"Message",Low,"Scanning 7558 methods."
"Message",Low,"Scanning 5711 methods."
"Message",Low,"Scanning 4209 methods."
"Message",Low,"Scanning 3087 methods."
"Message",Low,"Scanning 2682 methods."
"Message",Low,"Scanning 2321 methods."
"Message",Low,"Scanning 1348 methods."
"Message",Low,"Scanning 813 methods."
"Message",Low,"Scanning 537 methods."
"Message",Low,"Scanning 303 methods."
"Message",Low,"Scanning 199 methods."
"Message",Low,"Scanning 191 methods."
"Message",Low,"Scanning 96 methods."
"Message",Low,"Scanning 37 methods."
"Message",Low,"Scanning 15 methods."
"Message",Low,"Scanning 9 methods."
"Message",Low,"Scanning 7 methods."
"Message",Low,"Scanning 3 methods."
"Message",Low,"Eager code generation"
"Message",Low,"Compiling 70943 methods."
"Message",Low,"Deferred code generation"
"Message",Low,"Successfully generated 'C:\Users\jrnf0\documents\visual studio 2015\Projects\CMOVStockApp\CMOVStockApp\obj\x86\Release\ilc\intermediate\MDIL\CMOVStockApp.mdilexe'"
"Message",Low,"Successfully generated 'C:\Users\jrnf0\documents\visual studio 2015\Projects\CMOVStockApp\CMOVStockApp\obj\x86\Release\ilc\intermediate\MDIL\CMOVStockApp.mdilpdb'"
"Message",Normal,"'C:\Program Files (x86)\MSBuild\Microsoft\.NetNative\x86\ilc\Tools\nutc_driver.exe @""C:\Users\jrnf0\documents\visual studio 2015\Projects\CMOVStockApp\CMOVStockApp\obj\x86\Release\ilc\intermediate\nutcargs.rsp""' completed."
"Message",Normal,"Process execution statistics (all times in milliseconds)"
"Message",Normal,"-----------------------------------------------------------------------------"
"Message",Normal,"launch  |  start   |   stop   |   end    | duration | lifetime | [slot] name"
"Message",Normal,"-----------------------------------------------------------------------------"
"Message",Normal,"       0 |        0 |    47531 |    47531 |    47531 |    47531 | [0] Nutc SingleFile"
"Message",Normal,"Number of commands:      1"
"Message",Normal,"Total system time:       47531 ms"
"Message",Normal,"System time per command: 47531 ms"
"Message",Normal,"Total duration:          47531 ms"
"Message",Normal,"Total lifetime:          47531 ms"
"Message",Normal,"Requested DOP:           8"
"Message",Normal,"Duration DOP:            1.0"
"Message",Normal,"Lifetime DOP:            1.0"
"Message",Low,"Conclusão de execução da tarefa ""StartProcessTask""."
"Message",Low,"Conclusão da criação do destino ""GenerateMDILSingleFile"" no projecto ""Unnamed_1""."
"Message",Low,"Destino ""GenerateMDIL"" no ficheiro ""C:\Program Files (x86)\MSBuild\Microsoft\.NetNative\x86\ilc\IlcInternals.targets"" do projecto ""C:\Users\jrnf0\documents\visual studio 2015\Projects\CMOVStockApp\CMOVStockApp\Unnamed_1"" (o destino ""MDILBindPrepare"" depende dele):"
"Message",Normal,"A ignorar o destino ""GenerateMDIL"", uma vez que todos os ficheiros de saída estão actualizados relativamente aos ficheiros de entrada."
"Message",Low,"Ficheiros de entrada: C:\Users\jrnf0\documents\visual studio 2015\Projects\CMOVStockApp\CMOVStockApp\obj\x86\Release\ilc\intermediate\nutcargs.rsp"
"Message",Low,"Ficheiros de saída: C:\Users\jrnf0\documents\visual studio 2015\Projects\CMOVStockApp\CMOVStockApp\obj\x86\Release\ilc\intermediate\MDIL\CMOVStockApp.mdilexe;C:\Users\jrnf0\documents\visual studio 2015\Projects\CMOVStockApp\CMOVStockApp\obj\x86\Release\ilc\intermediate\MDIL\CMOVStockApp.mdilpdb"
"Message",Low,"Conclusão da criação do destino ""GenerateMDIL"" no projecto ""Unnamed_1""."
"Message",Low,"Destino ""GenerateBuildInfo"" no ficheiro ""C:\Program Files (x86)\MSBuild\Microsoft\.NetNative\x86\ilc\IlcInternals.targets"" do projecto ""C:\Users\jrnf0\documents\visual studio 2015\Projects\CMOVStockApp\CMOVStockApp\Unnamed_1"" (o destino ""MDILBindPrepare"" depende dele):"
"Message",Low,"A criar completamente o destino ""GenerateBuildInfo""."
"Message",Low,"O ficheiro de saída ""C:\Users\jrnf0\documents\visual studio 2015\Projects\CMOVStockApp\CMOVStockApp\obj\x86\Release\ilc\intermediate\Native.res"" não existe."
"Message",Low,"Tarefa ""StartProcessTask"""
"Message",Normal,"Launching 'C:\Program Files (x86)\Windows Kits\10\bin\x86\rc.exe /c 65001 /r /fo ""C:\Users\jrnf0\documents\visual studio 2015\Projects\CMOVStockApp\CMOVStockApp\obj\x86\Release\ilc\intermediate\BuildInfo\BuildInfo.res"" ""C:\Users\jrnf0\documents\visual studio 2015\Projects\CMOVStockApp\CMOVStockApp\obj\x86\Release\ilc\intermediate\BuildInfo\BuildInfo.rc""'"
"Message",Low,"Microsoft (R) Windows (R) Resource Compiler Version 10.0.10011.16384"
"Message",Low,"Copyright (C) Microsoft Corporation.  All rights reserved."
"Message",Normal,"'C:\Program Files (x86)\Windows Kits\10\bin\x86\rc.exe /c 65001 /r /fo ""C:\Users\jrnf0\documents\visual studio 2015\Projects\CMOVStockApp\CMOVStockApp\obj\x86\Release\ilc\intermediate\BuildInfo\BuildInfo.res"" ""C:\Users\jrnf0\documents\visual studio 2015\Projects\CMOVStockApp\CMOVStockApp\obj\x86\Release\ilc\intermediate\BuildInfo\BuildInfo.rc""' completed."
"Message",Normal,"Process execution statistics (all times in milliseconds)"
"Message",Normal,"-----------------------------------------------------------------------------"
"Message",Normal,"launch  |  start   |   stop   |   end    | duration | lifetime | [slot] name"
"Message",Normal,"-----------------------------------------------------------------------------"
"Message",Normal,"       0 |       78 |     1938 |     1938 |     1860 |     1938 | [0] RC"
"Message",Normal,"Number of commands:      1"
"Message",Normal,"Total system time:       1938 ms"
"Message",Normal,"System time per command: 1938 ms"
"Message",Normal,"Total duration:          1860 ms"
"Message",Normal,"Total lifetime:          1938 ms"
"Message",Normal,"Requested DOP:           8"
"Message",Normal,"Duration DOP:            1.0"
"Message",Normal,"Lifetime DOP:            1.0"
"Message",Low,"Conclusão de execução da tarefa ""StartProcessTask""."
"Message",Low,"A utilizar a tarefa ""BinaryConcatenateTask"" da assemblagem ""Microsoft.Build.ILTasks""."
"Message",Low,"Tarefa ""BinaryConcatenateTask"""
"Message",Normal,"Concatenating into 'C:\Users\jrnf0\documents\visual studio 2015\Projects\CMOVStockApp\CMOVStockApp\obj\x86\Release\ilc\intermediate\Native.res' with alignment '4'."
"Message",Normal," Added 'C:\Users\jrnf0\documents\visual studio 2015\Projects\CMOVStockApp\CMOVStockApp\obj\x86\Release\ilc\intermediate\ILTransformed\CMOVStockApp.res' at offset 0."
"Message",Normal," Added 'C:\Users\jrnf0\documents\visual studio 2015\Projects\CMOVStockApp\CMOVStockApp\obj\x86\Release\ilc\intermediate\BuildInfo\BuildInfo.res' at offset 1416."
"Message",Low,"Conclusão de execução da tarefa ""BinaryConcatenateTask""."
"Message",Low,"Conclusão da criação do destino ""GenerateBuildInfo"" no projecto ""Unnamed_1""."
"Message",Low,"Destino ""MDILBindPrepare"" no ficheiro ""C:\Program Files (x86)\MSBuild\Microsoft\.NetNative\x86\ilc\IlcInternals.targets"" do projecto ""C:\Users\jrnf0\documents\visual studio 2015\Projects\CMOVStockApp\CMOVStockApp\Unnamed_1"" (o destino ""MDILBindCreateResponseFiles"" depende dele):"
"Message",Low,"Tarefa ""MakeDir"""
"Message",Normal,"A criar o directório ""C:\Users\jrnf0\documents\visual studio 2015\Projects\CMOVStockApp\CMOVStockApp\obj\x86\Release\ilc\intermediate\Native\""."
"Message",Low,"Conclusão de execução da tarefa ""MakeDir""."
"Message",Low,"A tarefa ""StartProcessTask"" foi ignorada, devido a uma condição falsa; ('$(Pgi)'=='true') foi avaliado como ('false'=='true')."
"Message",Low,"Conclusão da criação do destino ""MDILBindPrepare"" no projecto ""Unnamed_1""."
"Message",Low,"Destino ""MDILBindCreateResponseFiles"" no ficheiro ""C:\Program Files (x86)\MSBuild\Microsoft\.NetNative\x86\ilc\IlcInternals.targets"" do projecto ""C:\Users\jrnf0\documents\visual studio 2015\Projects\CMOVStockApp\CMOVStockApp\Unnamed_1"" (o destino ""MDILBind"" depende dele):"
"Message",Low,"A criar completamente o destino ""MDILBindCreateResponseFiles""."
"Message",Low,"O ficheiro de saída ""C:\Users\jrnf0\documents\visual studio 2015\Projects\CMOVStockApp\CMOVStockApp\obj\x86\Release\ilc\intermediate\rhbindargs.CMOVStockApp.rsp"" não existe."
"Message",Low,"Tarefa ""WriteLinesToFile"""
"Message",Low,"Conclusão de execução da tarefa ""WriteLinesToFile""."
"Message",Low,"Conclusão da criação do destino ""MDILBindCreateResponseFiles"" no projecto ""Unnamed_1""."
"Message",Low,"Destino ""MDILBind"" no ficheiro ""C:\Program Files (x86)\MSBuild\Microsoft\.NetNative\x86\ilc\IlcInternals.targets"" do projecto ""C:\Users\jrnf0\documents\visual studio 2015\Projects\CMOVStockApp\CMOVStockApp\Unnamed_1"" (o destino ""CopyNativeExecutablesToOutput"" depende dele):"
"Message",Low,"A criar completamente o destino ""MDILBind""."
"Message",Low,"O ficheiro de saída ""C:\Users\jrnf0\documents\visual studio 2015\Projects\CMOVStockApp\CMOVStockApp\obj\x86\Release\ilc\intermediate\Native\CMOVStockApp.exe"" não existe."
"Message",Low,"Tarefa ""IlcMessageTask"""
"Message",High,"Generating fixups for native code"
"Message",Low,"Conclusão de execução da tarefa ""IlcMessageTask""."
"Message",Low,"Tarefa ""StartProcessTask"""
"Message",Normal,"Launching 'C:\Program Files (x86)\MSBuild\Microsoft\.NetNative\x86\ilc\Tools\rhbind.exe @""C:\Users\jrnf0\documents\visual studio 2015\Projects\CMOVStockApp\CMOVStockApp\obj\x86\Release\ilc\intermediate\rhbindargs.CMOVStockApp.rsp""'"
"Message",Low,"OS VERSION: major: 6  minor: 2"
"Message",Low,"MDIL: C:\Users\jrnf0\documents\visual studio 2015\Projects\CMOVStockApp\CMOVStockApp\obj\x86\Release\ilc\intermediate\MDIL\CMOVStockApp.mdilexe"
"Message",Low,"MDILPDB: C:\Users\jrnf0\documents\visual studio 2015\Projects\CMOVStockApp\CMOVStockApp\obj\x86\Release\ilc\intermediate\MDIL\CMOVStockApp.mdilpdb"
"Message",Low,"IL: C:\Users\jrnf0\documents\visual studio 2015\Projects\CMOVStockApp\CMOVStockApp\obj\x86\Release\ilc\intermediate\MDIL\CMOVStockApp.ilexe"
"Message",Low,"NI: C:\Users\jrnf0\documents\visual studio 2015\Projects\CMOVStockApp\CMOVStockApp\obj\x86\Release\ilc\intermediate\Native\CMOVStockApp.dll"
"Message",Low,"SHIM: C:\Users\jrnf0\documents\visual studio 2015\Projects\CMOVStockApp\CMOVStockApp\obj\x86\Release\ilc\intermediate\Native\CMOVStockApp.exe"
"Message",Low,"REDHAWK_RUNTIME_DLL_NAME_A=mrt100_app.dll"
"Message",Low,"pdb: C:\Users\jrnf0\documents\visual studio 2015\Projects\CMOVStockApp\CMOVStockApp\obj\x86\Release\ilc\intermediate\Native\CMOVStockApp.pdb"
"Message",Low,"Produced C:\Users\jrnf0\documents\visual studio 2015\Projects\CMOVStockApp\CMOVStockApp\obj\x86\Release\ilc\intermediate\Native\CMOVStockApp.dll in 3.999 seconds"
"Message",Normal,"'C:\Program Files (x86)\MSBuild\Microsoft\.NetNative\x86\ilc\Tools\rhbind.exe @""C:\Users\jrnf0\documents\visual studio 2015\Projects\CMOVStockApp\CMOVStockApp\obj\x86\Release\ilc\intermediate\rhbindargs.CMOVStockApp.rsp""' completed."
"Message",Normal,"Process execution statistics (all times in milliseconds)"
"Message",Normal,"-----------------------------------------------------------------------------"
"Message",Normal,"launch  |  start   |   stop   |   end    | duration | lifetime | [slot] name"
"Message",Normal,"-----------------------------------------------------------------------------"
"Message",Normal,"       0 |      797 |     5157 |     5157 |     4360 |     5157 | [0] rhbind CMOVStockApp"
"Message",Normal,"Number of commands:      1"
"Message",Normal,"Total system time:       5157 ms"
"Message",Normal,"System time per command: 5157 ms"
"Message",Normal,"Total duration:          4360 ms"
"Message",Normal,"Total lifetime:          5157 ms"
"Message",Normal,"Requested DOP:           8"
"Message",Normal,"Duration DOP:            0.8"
"Message",Normal,"Lifetime DOP:            1.0"
"Message",Low,"Conclusão de execução da tarefa ""StartProcessTask""."
"Message",Low,"A tarefa ""Move"" foi ignorada, devido a uma condição falsa; ('$(PdbPath)'!='') foi avaliado como (''!='')."
"Message",Low,"Conclusão da criação do destino ""MDILBind"" no projecto ""Unnamed_1""."
"Message",Low,"Destino ""CopyNativeExecutablesToOutput"" no ficheiro ""C:\Program Files (x86)\MSBuild\Microsoft\.NetNative\x86\ilc\IlcInternals.targets"" do projecto ""C:\Users\jrnf0\documents\visual studio 2015\Projects\CMOVStockApp\CMOVStockApp\Unnamed_1"" (o destino ""Build"" depende dele):"
"Message",Low,"A utilizar a tarefa ""AddToNativePackageTask"" da assemblagem ""C:\Program Files (x86)\MSBuild\Microsoft\.NetNative\x86\ilc\ilc.exe""."
"Message",Low,"Tarefa ""AddToNativePackageTask"""
"Message",Low,"Conclusão de execução da tarefa ""AddToNativePackageTask""."
"Message",Low,"Tarefa ""AddToNativePackageTask"""
"Message",Low,"Conclusão de execução da tarefa ""AddToNativePackageTask""."
"Message",Low,"A tarefa ""AddToNativePackageTask"" foi ignorada, devido a uma condição falsa; ('$(BuildSharedAssemblies)' != 'true' and '$(AllowAppLocalMrt)' == 'true') foi avaliado como ('false' != 'true' and 'false' == 'true')."
"Message",Low,"A tarefa ""AddToNativePackageTask"" foi ignorada, devido a uma condição falsa; ('$(BuildSharedAssemblies)' == 'true') foi avaliado como ('false' == 'true')."
"Message",Low,"A tarefa ""AddToNativePackageTask"" foi ignorada, devido a uma condição falsa; ('$(BuildSharedAssemblies)' == 'true') foi avaliado como ('false' == 'true')."
"Message",Low,"A tarefa ""AddToNativePackageTask"" foi ignorada, devido a uma condição falsa; ('$(BuildSharedAssemblies)' == 'true') foi avaliado como ('false' == 'true')."
"Message",Low,"A tarefa ""AddToNativePackageTask"" foi ignorada, devido a uma condição falsa; ('$(BuildSharedAssemblies)' == 'true' And '$(InternalFeatureSwitch_ILTableOfContents)' == 'true') foi avaliado como ('false' == 'true' And 'true' == 'true')."
"Message",Low,"A tarefa ""AddToNativePackageTask"" foi ignorada, devido a uma condição falsa; ('$(BuildSharedAssemblies)' == 'true' And '$(InternalFeatureSwitch_ILTableOfContents)' == 'true') foi avaliado como ('false' == 'true' And 'true' == 'true')."
"Message",Low,"A tarefa ""AddToNativePackageTask"" foi ignorada, devido a uma condição falsa; ('$(BuildSharedAssemblies)' == 'true' And '$(InternalFeatureSwitch_ILTableOfContents)' == 'true') foi avaliado como ('false' == 'true' And 'true' == 'true')."
"Message",Low,"A tarefa ""AddToNativePackageTask"" foi ignorada, devido a uma condição falsa; ('$(BuildSharedAssemblies)' == 'true' And '$(InternalFeatureSwitch_ILTableOfContents)' == 'true') foi avaliado como ('false' == 'true' And 'true' == 'true')."
"Message",Low,"A tarefa ""AddToNativePackageTask"" foi ignorada, devido a uma condição falsa; ('$(BuildSharedAssemblies)' == 'true') foi avaliado como ('false' == 'true')."
"Message",Low,"A tarefa ""AddToNativePackageTask"" foi ignorada, devido a uma condição falsa; ('$(BuildSharedAssemblies)' == 'true') foi avaliado como ('false' == 'true')."
"Message",Low,"A tarefa ""AddToNativePackageTask"" foi ignorada, devido a uma condição falsa; ('$(BuildSharedAssemblies)' == 'true') foi avaliado como ('false' == 'true')."
"Message",Low,"A tarefa ""AddToNativePackageTask"" foi ignorada, devido a uma condição falsa; ('$(Pgi)'=='true') foi avaliado como ('false'=='true')."
"Message",Low,"A tarefa ""AddToNativePackageTask"" foi ignorada, devido a uma condição falsa; ('$(BuildSharedAssemblies)' == 'true') foi avaliado como ('false' == 'true')."
"Message",Low,"A tarefa ""AddToNativePackageTask"" foi ignorada, devido a uma condição falsa; ('$(BuildSharedAssemblies)' == 'true' And '$(InternalFeatureSwitch_ILTableOfContents)' == 'true') foi avaliado como ('false' == 'true' And 'true' == 'true')."
"Message",Low,"A tarefa ""AddToNativePackageTask"" foi ignorada, devido a uma condição falsa; ('$(BuildSharedAssemblies)'=='true' and '@(SharedFrameworkReswFiles)' != '' And '$(InternalFeatureSwitch_ILTableOfContents)' == 'true') foi avaliado como ('false'=='true' and '' != '' And 'true' == 'true')."
"Message",Low,"A tarefa ""AddToNativePackageTask"" foi ignorada, devido a uma condição falsa; ('$(UseFrameworkPackage)' != 'true' and '@(InputSharedLibrariesToCopy)' != '') foi avaliado como ('False' != 'true' and '' != '')."
"Message",Low,"Conclusão da criação do destino ""CopyNativeExecutablesToOutput"" no projecto ""Unnamed_1""."
"Message",Low,"Destino ""CopyExtractedResourcesToOutput"" no ficheiro ""C:\Program Files (x86)\MSBuild\Microsoft\.NetNative\x86\ilc\IlcInternals.targets"" do projecto ""C:\Users\jrnf0\documents\visual studio 2015\Projects\CMOVStockApp\CMOVStockApp\Unnamed_1"" (o destino ""Build"" depende dele):"
"Message",Low,"Tarefa ""AddToNativePackageTask"""
"Message",Low,"Conclusão de execução da tarefa ""AddToNativePackageTask""."
"Message",Low,"Tarefa ""AddToNativePackageTask"""
"Message",Low,"Conclusão de execução da tarefa ""AddToNativePackageTask""."
"Message",Low,"Conclusão da criação do destino ""CopyExtractedResourcesToOutput"" no projecto ""Unnamed_1""."
"Message",Low,"Destino ""TransformAppxManifestAndAddCrt"" no ficheiro ""C:\Program Files (x86)\MSBuild\Microsoft\.NetNative\x86\ilc\IlcInternals.targets"" do projecto ""C:\Users\jrnf0\documents\visual studio 2015\Projects\CMOVStockApp\CMOVStockApp\Unnamed_1"" (o destino ""Build"" depende dele):"
"Message",Low,"A utilizar a tarefa ""TransformAppxManifestTask"" da assemblagem ""C:\Program Files (x86)\MSBuild\Microsoft\.NetNative\x86\ilc\ilc.exe""."
"Message",Low,"Tarefa ""TransformAppxManifestTask"""
"Message",Low,"Conclusão de execução da tarefa ""TransformAppxManifestTask""."
"Message",Low,"Tarefa ""AddToNativePackageTask"""
"Message",Low,"Conclusão de execução da tarefa ""AddToNativePackageTask""."
"Message",Low,"A tarefa ""AddToNativePackageTask"" foi ignorada, devido a uma condição falsa; ($(AddCrt)) foi avaliado como (false)."
"Message",Low,"A tarefa ""AddToNativePackageTask"" foi ignorada, devido a uma condição falsa; ($(AddWin8Adapters)) foi avaliado como (false)."
"Message",Low,"A tarefa ""AddToNativePackageTask"" foi ignorada, devido a uma condição falsa; ($(AddWin8Adapters)) foi avaliado como (false)."
"Message",Low,"A tarefa ""AddToNativePackageTask"" foi ignorada, devido a uma condição falsa; ($(AddWin8Adapters)) foi avaliado como (false)."
"Message",Low,"A tarefa ""AddToNativePackageTask"" foi ignorada, devido a uma condição falsa; ($(AddWin8Adapters)) foi avaliado como (false)."
"Message",Low,"A tarefa ""AddToNativePackageTask"" foi ignorada, devido a uma condição falsa; ($(AddWin8Adapters)) foi avaliado como (false)."
"Message",Low,"A tarefa ""AddToNativePackageTask"" foi ignorada, devido a uma condição falsa; ($(AddWin8Adapters)) foi avaliado como (false)."
"Message",Low,"A tarefa ""AddToNativePackageTask"" foi ignorada, devido a uma condição falsa; ($(AddWin8Adapters)) foi avaliado como (false)."
"Message",Low,"Conclusão da criação do destino ""TransformAppxManifestAndAddCrt"" no projecto ""Unnamed_1""."
"Message",Low,"O destino ""MergeFrameworkReswFilesWithTheAppPriFile"" foi ignorado devido a uma condição falsa; ('@(AppResources)' != '' And '$(UseResKeysInsteadOfResStrings)' != 'true') foi avaliado como ('C:\Users\jrnf0\documents\visual studio 2015\Projects\CMOVStockApp\CMOVStockApp\obj\x86\Release\ilc\in\resources.pri' != '' And 'true' != 'true')."
"Message",Low,"Destino ""CopyPackageResourceFileInRetailBuild"" no ficheiro ""C:\Program Files (x86)\MSBuild\Microsoft\.NetNative\x86\ilc\IlcInternals.targets"" do projecto ""C:\Users\jrnf0\documents\visual studio 2015\Projects\CMOVStockApp\CMOVStockApp\Unnamed_1"" (o destino ""Build"" depende dele):"
"Message",Low,"Tarefa ""AddToNativePackageTask"""
"Message",Low,"Conclusão de execução da tarefa ""AddToNativePackageTask""."
"Message",Low,"Conclusão da criação do destino ""CopyPackageResourceFileInRetailBuild"" no projecto ""Unnamed_1""."
"Message",Low,"Destino ""Build"" no ficheiro ""C:\Program Files (x86)\MSBuild\Microsoft\.NetNative\x86\ilc\IlcInternals.targets"" do projecto ""C:\Users\jrnf0\documents\visual studio 2015\Projects\CMOVStockApp\CMOVStockApp\Unnamed_1"" (ponto de entrada):"
"Message",Low,"Conclusão da criação do destino ""Build"" no projecto ""Unnamed_1""."
"Message",Low,"Conclusão da criação do projecto ""Unnamed_1""."
"Message",Low,"Compilação efectuada com êxito."
